{
    "bitcoin": {
        "price_usd": 68189,
        "change_24h": 0.15911608911679642
    },
    "ethereum": {
        "price_usd": 1980.04,
        "change_24h": 0.16909198740369327
    },
    "solana": {
        "price_usd": 85.23,
        "change_24h": -0.12471954151258337
    },
    "bnb": {
        "price_usd": 624.43,
        "change_24h": -0.9016528396818553
    }
}