{
    "bitcoin": {
        "price_usd": 68816,
        "change_24h": 4.455692427703364
    },
    "ethereum": {
        "price_usd": 2027.46,
        "change_24h": 4.483218996208863
    },
    "solana": {
        "price_usd": 86.63,
        "change_24h": 3.6035367079432827
    },
    "bnb": {
        "price_usd": 637.64,
        "change_24h": 3.0220644384549735
    }
}