{
    "bitcoin": {
        "price_usd": 67753,
        "change_24h": -0.8581287014694445
    },
    "ethereum": {
        "price_usd": 2042.21,
        "change_24h": -0.9828151000061202
    },
    "solana": {
        "price_usd": 87.55,
        "change_24h": -0.09224933862941789
    },
    "bnb": {
        "price_usd": 631.54,
        "change_24h": 0.496703537585101
    }
}