{
    "bitcoin": {
        "price_usd": 67622,
        "change_24h": -0.524517641792667
    },
    "ethereum": {
        "price_usd": 1957.12,
        "change_24h": -0.8211246305977268
    },
    "solana": {
        "price_usd": 82.74,
        "change_24h": -2.7852766124127273
    },
    "bnb": {
        "price_usd": 614.49,
        "change_24h": -1.7705411523857673
    }
}