{
    "bitcoin": {
        "price_usd": 65410,
        "change_24h": 3.5834089511204286
    },
    "ethereum": {
        "price_usd": 1925.24,
        "change_24h": 5.5497481933407995
    },
    "solana": {
        "price_usd": 83.14,
        "change_24h": 8.404145071579997
    },
    "bnb": {
        "price_usd": 604.74,
        "change_24h": 3.081495184224583
    }
}