{
    "bitcoin": {
        "price_usd": 67338,
        "change_24h": -1.5570856826750334
    },
    "ethereum": {
        "price_usd": 1939.28,
        "change_24h": -2.513559632743536
    },
    "solana": {
        "price_usd": 82.98,
        "change_24h": -3.7454916417697994
    },
    "bnb": {
        "price_usd": 610.8,
        "change_24h": -2.695146317692952
    }
}