{
    "bitcoin": {
        "price_usd": 64684,
        "change_24h": -4.30564847723057
    },
    "ethereum": {
        "price_usd": 1857.36,
        "change_24h": -4.962844679308958
    },
    "solana": {
        "price_usd": 77.83,
        "change_24h": -5.878699624651513
    },
    "bnb": {
        "price_usd": 596.65,
        "change_24h": -2.8285233263381193
    }
}