{
    "bitcoin": {
        "price_usd": 70875,
        "change_24h": 3.3367689903866875
    },
    "ethereum": {
        "price_usd": 2071.75,
        "change_24h": 2.71840426993782
    },
    "solana": {
        "price_usd": 87.99,
        "change_24h": 3.5212020657422842
    },
    "bnb": {
        "price_usd": 646.5,
        "change_24h": 1.5779231804640081
    }
}